trial,testing,parameters,initial_deadline,final_deadline,net_reward,actions,success
1,False,"{'a': 0.5, 'e': 1.0}",20,0,-78.8219490382292,"{0: 12, 1: 4, 2: 3, 3: 0, 4: 1}",0
2,False,"{'a': 0.5, 'e': 0.7071067811865475}",25,0,-141.92901477145892,"{0: 17, 1: 1, 2: 4, 3: 0, 4: 3}",0
3,False,"{'a': 0.5, 'e': 0.5773502691896258}",20,0,-122.51648763248238,"{0: 11, 1: 1, 2: 5, 3: 2, 4: 1}",0
4,False,"{'a': 0.5, 'e': 0.5}",20,7,-54.91209602202433,"{0: 9, 1: 0, 2: 3, 3: 0, 4: 1}",1
5,False,"{'a': 0.5, 'e': 0.4472135954999579}",30,0,-111.50345598262001,"{0: 24, 1: 1, 2: 2, 3: 0, 4: 3}",0
6,False,"{'a': 0.5, 'e': 0.4082482904638631}",20,0,-145.1275569290622,"{0: 13, 1: 0, 2: 4, 3: 0, 4: 3}",0
7,False,"{'a': 0.5, 'e': 0.3779644730092272}",20,0,-163.61535430590246,"{0: 12, 1: 1, 2: 3, 3: 1, 4: 3}",0
8,False,"{'a': 0.5, 'e': 0.35355339059327373}",25,0,-155.47810057558027,"{0: 17, 1: 0, 2: 4, 3: 1, 4: 3}",0
9,False,"{'a': 0.5, 'e': 0.3333333333333333}",25,0,-78.1846194134329,"{0: 18, 1: 0, 2: 6, 3: 0, 4: 1}",1
10,False,"{'a': 0.5, 'e': 0.31622776601683794}",20,10,-7.106455258594199,"{0: 8, 1: 0, 2: 2, 3: 0, 4: 0}",1
11,False,"{'a': 0.5, 'e': 0.30151134457776363}",20,0,-42.978831696993566,"{0: 16, 1: 1, 2: 2, 3: 0, 4: 1}",0
12,False,"{'a': 0.5, 'e': 0.2886751345948129}",25,0,-101.76483551860554,"{0: 15, 1: 2, 2: 7, 3: 0, 4: 1}",0
13,False,"{'a': 0.5, 'e': 0.2773500981126146}",20,0,-49.06151868940389,"{0: 16, 1: 1, 2: 2, 3: 0, 4: 1}",0
14,False,"{'a': 0.5, 'e': 0.2672612419124244}",25,18,10.783341019513761,"{0: 7, 1: 0, 2: 0, 3: 0, 4: 0}",1
15,False,"{'a': 0.5, 'e': 0.2581988897471611}",25,0,-94.77728963622393,"{0: 17, 1: 1, 2: 5, 3: 1, 4: 1}",0
16,False,"{'a': 0.5, 'e': 0.25}",20,0,4.002370414718171,"{0: 18, 1: 0, 2: 2, 3: 0, 4: 0}",0
17,False,"{'a': 0.5, 'e': 0.24253562503633297}",25,0,-109.33266747797518,"{0: 21, 1: 0, 2: 1, 3: 0, 4: 3}",0
18,False,"{'a': 0.5, 'e': 0.23570226039551587}",30,17,12.411048757286025,"{0: 12, 1: 0, 2: 1, 3: 0, 4: 0}",1
19,False,"{'a': 0.5, 'e': 0.22941573387056174}",25,0,-43.78977234149502,"{0: 19, 1: 0, 2: 5, 3: 1, 4: 0}",0
20,False,"{'a': 0.5, 'e': 0.22360679774997896}",25,0,-8.135126385262195,"{0: 23, 1: 1, 2: 0, 3: 0, 4: 1}",0
21,False,"{'a': 0.5, 'e': 0.2182178902359924}",20,9,7.368145989437388,"{0: 10, 1: 0, 2: 1, 3: 0, 4: 0}",1
22,False,"{'a': 0.5, 'e': 0.21320071635561041}",30,4,-86.54427953712981,"{0: 20, 1: 0, 2: 4, 3: 0, 4: 2}",1
23,False,"{'a': 0.5, 'e': 0.20851441405707477}",20,0,-78.84139767686,"{0: 15, 1: 1, 2: 2, 3: 0, 4: 2}",0
24,False,"{'a': 0.5, 'e': 0.20412414523193154}",30,0,-7.906731321693611,"{0: 28, 1: 1, 2: 0, 3: 0, 4: 1}",0
25,False,"{'a': 0.5, 'e': 0.2}",20,0,-80.79032855081334,"{0: 16, 1: 0, 2: 2, 3: 0, 4: 2}",0
26,False,"{'a': 0.5, 'e': 0.19611613513818404}",20,0,-14.253738821554446,"{0: 16, 1: 0, 2: 4, 3: 0, 4: 0}",0
27,False,"{'a': 0.5, 'e': 0.19245008972987526}",20,0,-38.39086474434377,"{0: 17, 1: 0, 2: 2, 3: 0, 4: 1}",0
28,False,"{'a': 0.5, 'e': 0.1889822365046136}",30,0,-38.87775313218632,"{0: 26, 1: 1, 2: 1, 3: 1, 4: 1}",0
29,False,"{'a': 0.5, 'e': 0.18569533817705186}",20,0,-17.132691463913616,"{0: 16, 1: 0, 2: 4, 3: 0, 4: 0}",0
30,False,"{'a': 0.5, 'e': 0.18257418583505536}",30,0,-10.835300744418449,"{0: 28, 1: 0, 2: 1, 3: 0, 4: 1}",0
31,False,"{'a': 0.5, 'e': 0.1796053020267749}",30,0,-44.94638012246031,"{0: 27, 1: 1, 2: 0, 3: 0, 4: 2}",0
32,False,"{'a': 0.5, 'e': 0.17677669529663687}",20,11,14.359722387436095,"{0: 9, 1: 0, 2: 0, 3: 0, 4: 0}",1
33,False,"{'a': 0.5, 'e': 0.17407765595569785}",25,1,-20.463015817994783,"{0: 22, 1: 0, 2: 1, 3: 0, 4: 1}",1
34,False,"{'a': 0.5, 'e': 0.17149858514250882}",30,9,24.22106364480947,"{0: 21, 1: 0, 2: 0, 3: 0, 4: 0}",1
35,False,"{'a': 0.5, 'e': 0.1690308509457033}",20,3,-39.28005608261654,"{0: 14, 1: 0, 2: 2, 3: 0, 4: 1}",1
36,False,"{'a': 0.5, 'e': 0.16666666666666666}",30,8,1.3213553826946165,"{0: 19, 1: 0, 2: 3, 3: 0, 4: 0}",1
37,False,"{'a': 0.5, 'e': 0.1643989873053573}",30,17,-52.71053917188888,"{0: 9, 1: 0, 2: 3, 3: 0, 4: 1}",1
38,False,"{'a': 0.5, 'e': 0.16222142113076254}",25,0,-18.537880135435813,"{0: 23, 1: 0, 2: 1, 3: 0, 4: 1}",0
39,False,"{'a': 0.5, 'e': 0.16012815380508713}",20,9,-1.8975894720136048,"{0: 9, 1: 0, 2: 2, 3: 0, 4: 0}",1
40,False,"{'a': 0.5, 'e': 0.15811388300841897}",30,22,14.900985993265211,"{0: 8, 1: 0, 2: 0, 3: 0, 4: 0}",1
41,False,"{'a': 0.5, 'e': 0.15617376188860607}",25,0,-15.913576643172789,"{0: 23, 1: 0, 2: 1, 3: 0, 4: 1}",0
42,False,"{'a': 0.5, 'e': 0.1543033499620919}",30,2,-1.479370046654151,"{0: 24, 1: 1, 2: 2, 3: 1, 4: 0}",1
43,False,"{'a': 0.5, 'e': 0.15249857033260467}",30,0,-28.55630044408918,"{0: 26, 1: 1, 2: 2, 3: 0, 4: 1}",0
44,False,"{'a': 0.5, 'e': 0.15075567228888181}",20,0,-23.730481380403557,"{0: 18, 1: 0, 2: 1, 3: 0, 4: 1}",0
45,False,"{'a': 0.5, 'e': 0.14907119849998599}",20,0,-0.12243955764455106,"{0: 18, 1: 0, 2: 2, 3: 0, 4: 0}",0
46,False,"{'a': 0.5, 'e': 0.14744195615489714}",30,2,40.37084251305925,"{0: 28, 1: 0, 2: 0, 3: 0, 4: 0}",1
47,False,"{'a': 0.5, 'e': 0.14586499149789456}",20,0,-92.54476178305906,"{0: 16, 1: 0, 2: 1, 3: 1, 4: 2}",0
48,False,"{'a': 0.5, 'e': 0.14433756729740646}",20,0,16.872403995183884,"{0: 19, 1: 0, 2: 1, 3: 0, 4: 0}",0
49,False,"{'a': 0.5, 'e': 0.14285714285714285}",25,6,26.56527457381994,"{0: 19, 1: 0, 2: 0, 3: 0, 4: 0}",1
50,False,"{'a': 0.5, 'e': 0.1414213562373095}",25,0,-28.940947707603502,"{0: 21, 1: 2, 2: 1, 3: 0, 4: 1}",0
51,False,"{'a': 0.5, 'e': 0.14002800840280097}",20,6,-13.714586614018588,"{0: 13, 1: 0, 2: 0, 3: 0, 4: 1}",1
52,False,"{'a': 0.5, 'e': 0.1386750490563073}",30,15,-42.36981826904017,"{0: 12, 1: 0, 2: 1, 3: 1, 4: 1}",1
53,False,"{'a': 0.5, 'e': 0.13736056394868904}",20,8,17.792020799091137,"{0: 12, 1: 0, 2: 0, 3: 0, 4: 0}",1
54,False,"{'a': 0.5, 'e': 0.13608276348795434}",20,0,18.815946928259873,"{0: 19, 1: 0, 2: 1, 3: 0, 4: 0}",0
55,False,"{'a': 0.5, 'e': 0.13483997249264842}",25,0,-73.14850321348584,"{0: 21, 1: 0, 2: 2, 3: 0, 4: 2}",0
56,False,"{'a': 0.5, 'e': 0.1336306209562122}",20,6,-41.52922329250165,"{0: 12, 1: 0, 2: 0, 3: 1, 4: 1}",1
57,False,"{'a': 0.5, 'e': 0.13245323570650439}",25,19,12.410366716712781,"{0: 6, 1: 0, 2: 0, 3: 0, 4: 0}",1
58,False,"{'a': 0.5, 'e': 0.13130643285972254}",20,5,-26.416647907848503,"{0: 13, 1: 1, 2: 0, 3: 0, 4: 1}",1
59,False,"{'a': 0.5, 'e': 0.13018891098082389}",20,0,-114.13332679033753,"{0: 15, 1: 0, 2: 2, 3: 0, 4: 3}",0
60,False,"{'a': 0.5, 'e': 0.12909944487358055}",35,21,26.915223081992284,"{0: 14, 1: 0, 2: 0, 3: 0, 4: 0}",1
61,False,"{'a': 0.5, 'e': 0.12803687993289598}",20,10,-8.517405941356076,"{0: 8, 1: 0, 2: 2, 3: 0, 4: 0}",1
62,False,"{'a': 0.5, 'e': 0.1270001270001905}",20,0,-57.25586611500899,"{0: 15, 1: 1, 2: 3, 3: 0, 4: 1}",0
63,False,"{'a': 0.5, 'e': 0.1259881576697424}",25,0,-109.64694679833363,"{0: 20, 1: 0, 2: 2, 3: 0, 4: 3}",0
64,False,"{'a': 0.5, 'e': 0.125}",30,0,-94.88428546156962,"{0: 25, 1: 1, 2: 1, 3: 0, 4: 3}",0
65,False,"{'a': 0.5, 'e': 0.12403473458920847}",20,0,23.873313132165997,"{0: 20, 1: 0, 2: 0, 3: 0, 4: 0}",0
66,False,"{'a': 0.5, 'e': 0.12309149097933272}",25,0,39.07683194361535,"{0: 25, 1: 0, 2: 0, 3: 0, 4: 0}",0
67,False,"{'a': 0.5, 'e': 0.12216944435630522}",30,16,-29.02870784856176,"{0: 12, 1: 0, 2: 1, 3: 0, 4: 1}",1
68,False,"{'a': 0.5, 'e': 0.12126781251816648}",20,0,11.06313687974713,"{0: 18, 1: 0, 2: 2, 3: 0, 4: 0}",0
69,False,"{'a': 0.5, 'e': 0.1203858530857692}",30,14,-25.639495387158362,"{0: 14, 1: 0, 2: 1, 3: 0, 4: 1}",1
70,False,"{'a': 0.5, 'e': 0.11952286093343936}",20,10,-34.275776435289956,"{0: 8, 1: 0, 2: 1, 3: 0, 4: 1}",1
71,False,"{'a': 0.5, 'e': 0.11867816581938533}",20,10,10.217179801304653,"{0: 9, 1: 0, 2: 1, 3: 0, 4: 0}",1
72,False,"{'a': 0.5, 'e': 0.11785113019775793}",25,2,-13.826662831189617,"{0: 21, 1: 0, 2: 1, 3: 0, 4: 1}",1
73,False,"{'a': 0.5, 'e': 0.11704114719613057}",20,12,13.429674800984907,"{0: 8, 1: 0, 2: 0, 3: 0, 4: 0}",1
74,False,"{'a': 0.5, 'e': 0.11624763874381928}",25,11,25.2694795357834,"{0: 14, 1: 0, 2: 0, 3: 0, 4: 0}",1
75,False,"{'a': 0.5, 'e': 0.11547005383792514}",25,0,-75.78419196265473,"{0: 21, 1: 0, 2: 2, 3: 0, 4: 2}",0
76,False,"{'a': 0.5, 'e': 0.11470786693528087}",20,0,26.634307218521258,"{0: 20, 1: 0, 2: 0, 3: 0, 4: 0}",0
77,False,"{'a': 0.5, 'e': 0.11396057645963795}",25,5,30.185232571614904,"{0: 20, 1: 0, 2: 0, 3: 0, 4: 0}",1
78,False,"{'a': 0.5, 'e': 0.11322770341445956}",25,7,26.720601668523038,"{0: 17, 1: 0, 2: 1, 3: 0, 4: 0}",1
79,False,"{'a': 0.5, 'e': 0.1125087900926024}",20,10,16.22970634936334,"{0: 10, 1: 0, 2: 0, 3: 0, 4: 0}",1
80,False,"{'a': 0.5, 'e': 0.11180339887498948}",30,11,18.288180197351952,"{0: 18, 1: 0, 2: 1, 3: 0, 4: 0}",1
81,False,"{'a': 0.5, 'e': 0.1111111111111111}",25,0,-45.95977506071855,"{0: 22, 1: 1, 2: 0, 3: 0, 4: 2}",0
82,False,"{'a': 0.5, 'e': 0.11043152607484653}",20,0,-39.15383419396028,"{0: 17, 1: 1, 2: 1, 3: 0, 4: 1}",0
83,False,"{'a': 0.5, 'e': 0.10976425998969035}",20,5,-31.977708754130525,"{0: 13, 1: 0, 2: 1, 3: 0, 4: 1}",1
84,False,"{'a': 0.5, 'e': 0.1091089451179962}",20,15,8.306397796599185,"{0: 5, 1: 0, 2: 0, 3: 0, 4: 0}",1
85,False,"{'a': 0.5, 'e': 0.10846522890932808}",20,0,-9.06053810062494,"{0: 16, 1: 1, 2: 3, 3: 0, 4: 0}",0
86,False,"{'a': 0.5, 'e': 0.10783277320343841}",20,0,-14.589849981086877,"{0: 19, 1: 0, 2: 0, 3: 0, 4: 1}",0
87,False,"{'a': 0.5, 'e': 0.10721125348377948}",25,3,-10.693713172084827,"{0: 21, 1: 0, 2: 0, 3: 0, 4: 1}",1
88,False,"{'a': 0.5, 'e': 0.10660035817780521}",20,10,20.06045955854526,"{0: 10, 1: 0, 2: 0, 3: 0, 4: 0}",1
89,False,"{'a': 0.5, 'e': 0.105999788000636}",25,9,21.423674592103765,"{0: 15, 1: 1, 2: 0, 3: 0, 4: 0}",1
90,False,"{'a': 0.5, 'e': 0.10540925533894598}",25,16,3.5291313452966793,"{0: 8, 1: 0, 2: 1, 3: 0, 4: 0}",1
91,False,"{'a': 0.5, 'e': 0.10482848367219183}",20,2,-78.87348195344077,"{0: 14, 1: 0, 2: 2, 3: 0, 4: 2}",1
92,False,"{'a': 0.5, 'e': 0.10425720702853739}",20,3,-27.45160766680527,"{0: 15, 1: 0, 2: 1, 3: 0, 4: 1}",1
93,False,"{'a': 0.5, 'e': 0.10369516947304253}",20,0,-17.241684390587874,"{0: 16, 1: 1, 2: 3, 3: 0, 4: 0}",0
94,False,"{'a': 0.5, 'e': 0.10314212462587934}",30,20,16.134533601485614,"{0: 10, 1: 0, 2: 0, 3: 0, 4: 0}",1
95,False,"{'a': 0.5, 'e': 0.10259783520851541}",20,0,32.94174042764845,"{0: 20, 1: 0, 2: 0, 3: 0, 4: 0}",0
96,False,"{'a': 0.5, 'e': 0.10206207261596577}",20,0,23.278202449926546,"{0: 20, 1: 0, 2: 0, 3: 0, 4: 0}",0
97,False,"{'a': 0.5, 'e': 0.10153461651336192}",25,18,12.621004032731342,"{0: 7, 1: 0, 2: 0, 3: 0, 4: 0}",1
98,False,"{'a': 0.5, 'e': 0.10101525445522107}",25,0,21.174749345495165,"{0: 23, 1: 1, 2: 1, 3: 0, 4: 0}",0
99,False,"{'a': 0.5, 'e': 0.10050378152592121}",25,0,15.882259926172843,"{0: 23, 1: 0, 2: 2, 3: 0, 4: 0}",0
100,False,"{'a': 0.5, 'e': 0.1}",25,0,40.7047112325495,"{0: 25, 1: 0, 2: 0, 3: 0, 4: 0}",0
101,False,"{'a': 0.5, 'e': 0.09950371902099892}",25,15,18.156567990944215,"{0: 10, 1: 0, 2: 0, 3: 0, 4: 0}",1
102,False,"{'a': 0.5, 'e': 0.09901475429766744}",20,9,19.338562608726413,"{0: 11, 1: 0, 2: 0, 3: 0, 4: 0}",1
103,False,"{'a': 0.5, 'e': 0.09853292781642932}",25,7,8.259366779237487,"{0: 16, 1: 0, 2: 2, 3: 0, 4: 0}",1
104,False,"{'a': 0.5, 'e': 0.09805806756909202}",30,0,41.194774358334236,"{0: 30, 1: 0, 2: 0, 3: 0, 4: 0}",0
105,False,"{'a': 0.5, 'e': 0.09759000729485333}",20,12,14.74047997930633,"{0: 8, 1: 0, 2: 0, 3: 0, 4: 0}",1
106,False,"{'a': 0.5, 'e': 0.09712858623572641}",20,13,12.55440598202084,"{0: 7, 1: 0, 2: 0, 3: 0, 4: 0}",1
107,False,"{'a': 0.5, 'e': 0.09667364890456635}",20,7,17.515343967062737,"{0: 12, 1: 1, 2: 0, 3: 0, 4: 0}",1
108,False,"{'a': 0.5, 'e': 0.09622504486493763}",25,11,23.40576363707887,"{0: 14, 1: 0, 2: 0, 3: 0, 4: 0}",1
109,False,"{'a': 0.5, 'e': 0.09578262852211514}",20,0,-20.2985790712832,"{0: 18, 1: 1, 2: 0, 3: 0, 4: 1}",0
110,False,"{'a': 0.5, 'e': 0.09534625892455924}",20,8,23.555253420048004,"{0: 12, 1: 0, 2: 0, 3: 0, 4: 0}",1
111,False,"{'a': 0.5, 'e': 0.0949157995752499}",30,16,25.907686660295365,"{0: 14, 1: 0, 2: 0, 3: 0, 4: 0}",1
112,False,"{'a': 0.5, 'e': 0.0944911182523068}",20,2,17.126185812325172,"{0: 17, 1: 0, 2: 1, 3: 0, 4: 0}",1
113,False,"{'a': 0.5, 'e': 0.09407208683835973}",20,6,-40.85121350958919,"{0: 11, 1: 0, 2: 2, 3: 0, 4: 1}",1
114,False,"{'a': 0.5, 'e': 0.0936585811581694}",20,0,4.956715269667067,"{0: 18, 1: 0, 2: 2, 3: 0, 4: 0}",0
115,False,"{'a': 0.5, 'e': 0.09325048082403138}",25,13,14.816055727361412,"{0: 11, 1: 1, 2: 0, 3: 0, 4: 0}",1
116,False,"{'a': 0.5, 'e': 0.09284766908852593}",25,0,26.349960357664862,"{0: 24, 1: 0, 2: 1, 3: 0, 4: 0}",0
117,False,"{'a': 0.5, 'e': 0.09245003270420485}",30,10,34.765406327711545,"{0: 20, 1: 0, 2: 0, 3: 0, 4: 0}",1
118,False,"{'a': 0.5, 'e': 0.09205746178983235}",25,0,-4.7813865777935955,"{0: 24, 1: 0, 2: 0, 3: 0, 4: 1}",0
119,False,"{'a': 0.5, 'e': 0.09166984970282113}",25,0,39.159292761178186,"{0: 25, 1: 0, 2: 0, 3: 0, 4: 0}",0
120,False,"{'a': 0.5, 'e': 0.09128709291752768}",30,8,-19.768340243353084,"{0: 20, 1: 0, 2: 1, 3: 0, 4: 1}",1
121,False,"{'a': 0.5, 'e': 0.09090909090909091}",25,0,-0.8494582984172383,"{0: 24, 1: 0, 2: 0, 3: 0, 4: 1}",0
122,False,"{'a': 0.5, 'e': 0.09053574604251853}",25,15,17.129479945839265,"{0: 10, 1: 0, 2: 0, 3: 0, 4: 0}",1
123,False,"{'a': 0.5, 'e': 0.09016696346674323}",30,10,24.303289591788946,"{0: 19, 1: 0, 2: 1, 3: 0, 4: 0}",1
124,False,"{'a': 0.5, 'e': 0.08980265101338746}",30,18,21.82096106670437,"{0: 12, 1: 0, 2: 0, 3: 0, 4: 0}",1
125,False,"{'a': 0.5, 'e': 0.08944271909999159}",30,8,28.749807160407297,"{0: 21, 1: 0, 2: 1, 3: 0, 4: 0}",1
126,False,"{'a': 0.5, 'e': 0.0890870806374748}",20,0,-11.0511103095272,"{0: 19, 1: 0, 2: 0, 3: 0, 4: 1}",0
127,False,"{'a': 0.5, 'e': 0.08873565094161139}",20,15,8.994051085067031,"{0: 5, 1: 0, 2: 0, 3: 0, 4: 0}",1
128,False,"{'a': 0.5, 'e': 0.08838834764831843}",20,0,34.25217690862659,"{0: 20, 1: 0, 2: 0, 3: 0, 4: 0}",0
129,False,"{'a': 0.5, 'e': 0.08804509063256238}",20,0,30.49193141873246,"{0: 20, 1: 0, 2: 0, 3: 0, 4: 0}",0
130,False,"{'a': 0.5, 'e': 0.08770580193070293}",20,13,-32.56997578221296,"{0: 6, 1: 0, 2: 0, 3: 0, 4: 1}",1
131,False,"{'a': 0.5, 'e': 0.0873704056661038}",25,15,14.714170086263783,"{0: 10, 1: 0, 2: 0, 3: 0, 4: 0}",1
132,False,"{'a': 0.5, 'e': 0.08703882797784893}",25,0,-16.16864172957932,"{0: 23, 1: 0, 2: 1, 3: 0, 4: 1}",0
133,False,"{'a': 0.5, 'e': 0.086710996952412}",20,13,0.370082033516403,"{0: 6, 1: 0, 2: 1, 3: 0, 4: 0}",1
134,False,"{'a': 0.5, 'e': 0.08638684255813601}",25,0,4.939749671531425,"{0: 22, 1: 1, 2: 2, 3: 0, 4: 0}",0
135,False,"{'a': 0.5, 'e': 0.08606629658238704}",25,10,-20.18495813151673,"{0: 14, 1: 0, 2: 0, 3: 0, 4: 1}",1
136,False,"{'a': 0.5, 'e': 0.08574929257125441}",20,5,-14.189421921734574,"{0: 14, 1: 0, 2: 0, 3: 0, 4: 1}",1
137,False,"{'a': 0.5, 'e': 0.0854357657716761}",25,2,-3.5121434190168066,"{0: 22, 1: 0, 2: 0, 3: 0, 4: 1}",1
138,False,"{'a': 0.5, 'e': 0.08512565307587486}",25,1,34.12942280155767,"{0: 24, 1: 0, 2: 0, 3: 0, 4: 0}",1
139,False,"{'a': 0.5, 'e': 0.08481889296799709}",30,22,-28.862609770770387,"{0: 7, 1: 0, 2: 0, 3: 0, 4: 1}",1
140,False,"{'a': 0.5, 'e': 0.08451542547285165}",30,8,28.79513400463329,"{0: 21, 1: 1, 2: 0, 3: 0, 4: 0}",1
141,False,"{'a': 0.5, 'e': 0.0842151921066519}",20,0,31.52471834603069,"{0: 20, 1: 0, 2: 0, 3: 0, 4: 0}",0
142,False,"{'a': 0.5, 'e': 0.08391813582966891}",30,19,21.111178940399654,"{0: 11, 1: 0, 2: 0, 3: 0, 4: 0}",1
143,False,"{'a': 0.5, 'e': 0.08362420100070908}",20,6,28.005580147419195,"{0: 14, 1: 0, 2: 0, 3: 0, 4: 0}",1
144,False,"{'a': 0.5, 'e': 0.08333333333333333}",20,11,6.9998062074601215,"{0: 8, 1: 0, 2: 1, 3: 0, 4: 0}",1
145,False,"{'a': 0.5, 'e': 0.08304547985373997}",30,16,28.912321480484653,"{0: 14, 1: 0, 2: 0, 3: 0, 4: 0}",1
146,False,"{'a': 0.5, 'e': 0.0827605888602368}",20,10,-4.711286541308139,"{0: 9, 1: 0, 2: 0, 3: 1, 4: 0}",1
147,False,"{'a': 0.5, 'e': 0.08247860988423225}",20,8,22.966538581069926,"{0: 12, 1: 0, 2: 0, 3: 0, 4: 0}",1
148,False,"{'a': 0.5, 'e': 0.08219949365267865}",20,4,-26.56137042155258,"{0: 14, 1: 0, 2: 1, 3: 0, 4: 1}",1
149,False,"{'a': 0.5, 'e': 0.08192319205190406}",20,12,-28.030026869823025,"{0: 7, 1: 0, 2: 0, 3: 0, 4: 1}",1
150,False,"{'a': 0.5, 'e': 0.08164965809277261}",30,0,1.3939912085885,"{0: 29, 1: 0, 2: 0, 3: 0, 4: 1}",0
151,False,"{'a': 0.5, 'e': 0.08137884587711594}",20,3,28.21084196146348,"{0: 17, 1: 0, 2: 0, 3: 0, 4: 0}",1
152,False,"{'a': 0.5, 'e': 0.08111071056538127}",25,7,-5.013538576803389,"{0: 16, 1: 0, 2: 1, 3: 1, 4: 0}",1
153,False,"{'a': 0.5, 'e': 0.08084520834544433}",25,6,25.691206365818474,"{0: 19, 1: 0, 2: 0, 3: 0, 4: 0}",1
154,False,"{'a': 0.5, 'e': 0.08058229640253803}",25,5,15.678201840950468,"{0: 18, 1: 1, 2: 1, 3: 0, 4: 0}",1
155,False,"{'a': 0.5, 'e': 0.08032193289024989}",25,17,4.2099193743212595,"{0: 7, 1: 0, 2: 1, 3: 0, 4: 0}",1
156,False,"{'a': 0.5, 'e': 0.08006407690254357}",20,0,-9.553129272849588,"{0: 19, 1: 0, 2: 0, 3: 0, 4: 1}",0
157,False,"{'a': 0.5, 'e': 0.07980868844676221}",20,3,19.114208375817412,"{0: 16, 1: 0, 2: 1, 3: 0, 4: 0}",1
158,False,"{'a': 0.5, 'e': 0.079555728417573}",20,14,13.186657689053384,"{0: 6, 1: 0, 2: 0, 3: 0, 4: 0}",1
159,False,"{'a': 0.5, 'e': 0.07930515857181442}",20,0,27.79691944948839,"{0: 20, 1: 0, 2: 0, 3: 0, 4: 0}",0
160,False,"{'a': 0.5, 'e': 0.07905694150420949}",25,13,17.95351033348438,"{0: 12, 1: 0, 2: 0, 3: 0, 4: 0}",1
161,False,"{'a': 0.5, 'e': 0.07881104062391006}",20,0,30.216151977186957,"{0: 20, 1: 0, 2: 0, 3: 0, 4: 0}",0
162,False,"{'a': 0.5, 'e': 0.07856742013183861}",20,12,12.528215580715898,"{0: 8, 1: 0, 2: 0, 3: 0, 4: 0}",1
163,False,"{'a': 0.5, 'e': 0.07832604499879574}",20,7,11.270849551710157,"{0: 12, 1: 0, 2: 1, 3: 0, 4: 0}",1
164,False,"{'a': 0.5, 'e': 0.07808688094430304}",20,3,19.446726254373793,"{0: 16, 1: 1, 2: 0, 3: 0, 4: 0}",1
165,False,"{'a': 0.5, 'e': 0.0778498944161523}",30,18,24.980733733417935,"{0: 12, 1: 0, 2: 0, 3: 0, 4: 0}",1
166,False,"{'a': 0.5, 'e': 0.07761505257063328}",20,2,10.689837037071223,"{0: 16, 1: 1, 2: 1, 3: 0, 4: 0}",1
167,False,"{'a': 0.5, 'e': 0.07738232325341368}",25,5,17.134124019851185,"{0: 19, 1: 0, 2: 1, 3: 0, 4: 0}",1
168,False,"{'a': 0.5, 'e': 0.07715167498104596}",25,8,25.04075701728496,"{0: 17, 1: 0, 2: 0, 3: 0, 4: 0}",1
169,False,"{'a': 0.5, 'e': 0.07692307692307693}",20,7,21.026861925901876,"{0: 13, 1: 0, 2: 0, 3: 0, 4: 0}",1
170,False,"{'a': 0.5, 'e': 0.07669649888473704}",25,14,-1.7880966253010293,"{0: 10, 1: 0, 2: 0, 3: 1, 4: 0}",1
171,False,"{'a': 0.5, 'e': 0.07647191129018725}",20,6,22.883409980316973,"{0: 14, 1: 0, 2: 0, 3: 0, 4: 0}",1
172,False,"{'a': 0.5, 'e': 0.07624928516630233}",25,6,35.54894186214009,"{0: 19, 1: 0, 2: 0, 3: 0, 4: 0}",1
173,False,"{'a': 0.5, 'e': 0.07602859212697055}",20,0,-12.902652029152232,"{0: 19, 1: 0, 2: 0, 3: 0, 4: 1}",0
174,False,"{'a': 0.5, 'e': 0.07580980435789034}",25,14,19.939708048896165,"{0: 11, 1: 0, 2: 0, 3: 0, 4: 0}",1
175,False,"{'a': 0.5, 'e': 0.07559289460184544}",20,14,12.291811885747592,"{0: 6, 1: 0, 2: 0, 3: 0, 4: 0}",1
176,False,"{'a': 0.5, 'e': 0.07537783614444091}",20,7,-21.44881961176477,"{0: 12, 1: 0, 2: 0, 3: 0, 4: 1}",1
177,False,"{'a': 0.5, 'e': 0.07516460280028289}",20,9,17.859518875748197,"{0: 11, 1: 0, 2: 0, 3: 0, 4: 0}",1
178,False,"{'a': 0.5, 'e': 0.07495316889958614}",30,3,-48.81279435259277,"{0: 24, 1: 0, 2: 1, 3: 0, 4: 2}",1
179,False,"{'a': 0.5, 'e': 0.07474350927519359}",20,0,5.6094230367857625,"{0: 18, 1: 0, 2: 2, 3: 0, 4: 0}",0
180,False,"{'a': 0.5, 'e': 0.07453559924999299}",20,3,11.144045879950331,"{0: 16, 1: 0, 2: 1, 3: 0, 4: 0}",1
181,False,"{'a': 0.5, 'e': 0.07432941462471664}",25,9,25.972950682885145,"{0: 16, 1: 0, 2: 0, 3: 0, 4: 0}",1
182,False,"{'a': 0.5, 'e': 0.07412493166611012}",20,0,18.697288980132956,"{0: 19, 1: 1, 2: 0, 3: 0, 4: 0}",0
183,False,"{'a': 0.5, 'e': 0.07392212709545729}",20,10,15.446493703216033,"{0: 10, 1: 0, 2: 0, 3: 0, 4: 0}",1
184,False,"{'a': 0.5, 'e': 0.07372097807744857}",20,0,24.932730814527563,"{0: 19, 1: 0, 2: 1, 3: 0, 4: 0}",0
185,False,"{'a': 0.5, 'e': 0.07352146220938077}",25,14,21.752170224128136,"{0: 11, 1: 0, 2: 0, 3: 0, 4: 0}",1
186,False,"{'a': 0.5, 'e': 0.07332355751067665}",25,8,26.247277051562435,"{0: 17, 1: 0, 2: 0, 3: 0, 4: 0}",1
187,False,"{'a': 0.5, 'e': 0.07312724241271307}",30,12,-36.77764070719677,"{0: 15, 1: 1, 2: 0, 3: 1, 4: 1}",1
188,False,"{'a': 0.5, 'e': 0.07293249574894728}",30,4,16.420931583440435,"{0: 22, 1: 4, 2: 0, 3: 0, 4: 0}",1
189,False,"{'a': 0.5, 'e': 0.07273929674533079}",20,11,14.325330544064935,"{0: 9, 1: 0, 2: 0, 3: 0, 4: 0}",1
190,False,"{'a': 0.5, 'e': 0.07254762501100116}",30,11,19.381253927174278,"{0: 18, 1: 0, 2: 1, 3: 0, 4: 0}",1
191,False,"{'a': 0.5, 'e': 0.07235746052924216}",25,14,21.282050395109188,"{0: 11, 1: 0, 2: 0, 3: 0, 4: 0}",1
192,False,"{'a': 0.5, 'e': 0.07216878364870323}",20,12,14.58709118229046,"{0: 8, 1: 0, 2: 0, 3: 0, 4: 0}",1
193,False,"{'a': 0.5, 'e': 0.07198157507486945}",35,9,36.37291972179736,"{0: 25, 1: 1, 2: 0, 3: 0, 4: 0}",1
194,False,"{'a': 0.5, 'e': 0.07179581586177382}",20,10,17.46454450578872,"{0: 10, 1: 0, 2: 0, 3: 0, 4: 0}",1
195,False,"{'a': 0.5, 'e': 0.0716114874039433}",20,10,14.661597466920739,"{0: 10, 1: 0, 2: 0, 3: 0, 4: 0}",1
196,False,"{'a': 0.5, 'e': 0.07142857142857142}",20,0,23.469451163893368,"{0: 19, 1: 1, 2: 0, 3: 0, 4: 0}",0
197,False,"{'a': 0.5, 'e': 0.07124704998790965}",20,9,18.953100285467315,"{0: 11, 1: 0, 2: 0, 3: 0, 4: 0}",1
198,False,"{'a': 0.5, 'e': 0.07106690545187015}",30,15,-26.249041726498987,"{0: 13, 1: 0, 2: 1, 3: 0, 4: 1}",1
199,False,"{'a': 0.5, 'e': 0.07088812050083358}",20,10,19.312125377463786,"{0: 10, 1: 0, 2: 0, 3: 0, 4: 0}",1
200,False,"{'a': 0.5, 'e': 0.07071067811865475}",25,14,17.363497504066693,"{0: 10, 1: 1, 2: 0, 3: 0, 4: 0}",1
201,False,"{'a': 0.5, 'e': 0.07053456158585983}",20,10,19.450183964639635,"{0: 10, 1: 0, 2: 0, 3: 0, 4: 0}",1
202,False,"{'a': 0.5, 'e': 0.07035975447302918}",20,5,23.576422689741538,"{0: 15, 1: 0, 2: 0, 3: 0, 4: 0}",1
203,False,"{'a': 0.5, 'e': 0.07018624063435965}",20,9,1.079786855071807,"{0: 10, 1: 0, 2: 0, 3: 1, 4: 0}",1
204,False,"{'a': 0.5, 'e': 0.07001400420140048}",20,10,16.076499803830696,"{0: 10, 1: 0, 2: 0, 3: 0, 4: 0}",1
205,False,"{'a': 0.5, 'e': 0.06984302957695782}",25,14,17.777974759610064,"{0: 11, 1: 0, 2: 0, 3: 0, 4: 0}",1
206,False,"{'a': 0.5, 'e': 0.06967330142916177}",20,13,3.0182619252556235,"{0: 6, 1: 0, 2: 1, 3: 0, 4: 0}",1
207,False,"{'a': 0.5, 'e': 0.06950480468569159}",25,17,15.397935370151439,"{0: 8, 1: 0, 2: 0, 3: 0, 4: 0}",1
208,False,"{'a': 0.5, 'e': 0.06933752452815364}",30,14,-17.704026233295107,"{0: 15, 1: 0, 2: 0, 3: 0, 4: 1}",1
209,False,"{'a': 0.5, 'e': 0.06917144638660747}",20,0,30.13810893812925,"{0: 20, 1: 0, 2: 0, 3: 0, 4: 0}",0
210,False,"{'a': 0.5, 'e': 0.06900655593423542}",20,1,21.12224931245676,"{0: 18, 1: 0, 2: 1, 3: 0, 4: 0}",1
211,False,"{'a': 0.5, 'e': 0.06884283908215143}",20,11,4.1676395949002005,"{0: 8, 1: 0, 2: 1, 3: 0, 4: 0}",1
212,False,"{'a': 0.5, 'e': 0.06868028197434452}",30,12,17.83186246967496,"{0: 17, 1: 0, 2: 1, 3: 0, 4: 0}",1
213,False,"{'a': 0.5, 'e': 0.06851887098275317}",35,18,32.210492032719856,"{0: 17, 1: 0, 2: 0, 3: 0, 4: 0}",1
214,False,"{'a': 0.5, 'e': 0.06835859270246633}",20,8,7.027229090043102,"{0: 11, 1: 0, 2: 1, 3: 0, 4: 0}",1
215,False,"{'a': 0.5, 'e': 0.06819943394704735}",30,22,13.067961699125485,"{0: 8, 1: 0, 2: 0, 3: 0, 4: 0}",1
216,False,"{'a': 0.5, 'e': 0.06804138174397717}",20,2,31.498618957184245,"{0: 18, 1: 0, 2: 0, 3: 0, 4: 0}",1
217,False,"{'a': 0.5, 'e': 0.06788442333021306}",20,10,9.360590402746247,"{0: 9, 1: 1, 2: 0, 3: 0, 4: 0}",1
218,False,"{'a': 0.5, 'e': 0.06772854614785964}",25,14,18.190595678745716,"{0: 11, 1: 0, 2: 0, 3: 0, 4: 0}",1
219,False,"{'a': 0.5, 'e': 0.06757373783994859}",25,17,16.10664189212033,"{0: 8, 1: 0, 2: 0, 3: 0, 4: 0}",1
220,False,"{'a': 0.5, 'e': 0.06741998624632421}",30,0,23.37877512076366,"{0: 28, 1: 0, 2: 2, 3: 0, 4: 0}",1
221,False,"{'a': 0.5, 'e': 0.06726727939963124}",35,13,31.75850736439729,"{0: 21, 1: 1, 2: 0, 3: 0, 4: 0}",1
222,False,"{'a': 0.5, 'e': 0.06711560552140243}",20,13,10.814902633084936,"{0: 7, 1: 0, 2: 0, 3: 0, 4: 0}",1
223,False,"{'a': 0.5, 'e': 0.06696495301824251}",20,0,28.790290670488925,"{0: 20, 1: 0, 2: 0, 3: 0, 4: 0}",1
224,False,"{'a': 0.5, 'e': 0.0668153104781061}",20,9,20.695546860964683,"{0: 11, 1: 0, 2: 0, 3: 0, 4: 0}",1
225,False,"{'a': 0.5, 'e': 0.06666666666666667}",20,12,16.193864733344746,"{0: 8, 1: 0, 2: 0, 3: 0, 4: 0}",1
226,False,"{'a': 0.5, 'e': 0.06651901052377393}",25,0,40.21201622168761,"{0: 25, 1: 0, 2: 0, 3: 0, 4: 0}",0
227,False,"{'a': 0.5, 'e': 0.0663723311599972}",30,10,34.41315483815554,"{0: 20, 1: 0, 2: 0, 3: 0, 4: 0}",1
228,False,"{'a': 0.5, 'e': 0.06622661785325219}",20,15,0.08664488608800935,"{0: 4, 1: 1, 2: 0, 3: 0, 4: 0}",1
229,False,"{'a': 0.5, 'e': 0.06608186004550898}",25,19,8.906624141147516,"{0: 6, 1: 0, 2: 0, 3: 0, 4: 0}",1
230,False,"{'a': 0.5, 'e': 0.0659380473395787}",25,12,12.870167660281314,"{0: 12, 1: 0, 2: 1, 3: 0, 4: 0}",1
231,False,"{'a': 0.5, 'e': 0.0657951694959769}",25,14,18.32710858218603,"{0: 11, 1: 0, 2: 0, 3: 0, 4: 0}",1
232,False,"{'a': 0.5, 'e': 0.06565321642986127}",25,9,15.983494830370063,"{0: 15, 1: 0, 2: 1, 3: 0, 4: 0}",1
233,False,"{'a': 0.5, 'e': 0.06551217820804184}",25,16,1.6890320147335125,"{0: 8, 1: 0, 2: 1, 3: 0, 4: 0}",1
234,False,"{'a': 0.5, 'e': 0.06537204504606134}",20,8,-23.435769856846157,"{0: 11, 1: 0, 2: 0, 3: 0, 4: 1}",1
235,False,"{'a': 0.5, 'e': 0.06523280730534423}",25,19,-34.10809874785483,"{0: 5, 1: 0, 2: 0, 3: 0, 4: 1}",1
236,False,"{'a': 0.5, 'e': 0.06509445549041194}",25,3,3.406007482214365,"{0: 19, 1: 0, 2: 3, 3: 0, 4: 0}",1
237,False,"{'a': 0.5, 'e': 0.06495698024616309}",30,5,43.27604097500485,"{0: 25, 1: 0, 2: 0, 3: 0, 4: 0}",1
238,False,"{'a': 0.5, 'e': 0.06482037235521644}",25,0,35.89507749869066,"{0: 25, 1: 0, 2: 0, 3: 0, 4: 0}",0
239,False,"{'a': 0.5, 'e': 0.06468462273531508}",20,0,8.476802380272133,"{0: 19, 1: 0, 2: 0, 3: 1, 4: 0}",0
240,False,"{'a': 0.5, 'e': 0.06454972243679027}",20,0,28.525193218347834,"{0: 20, 1: 0, 2: 0, 3: 0, 4: 0}",0
241,False,"{'a': 0.5, 'e': 0.06441566264008308}",25,11,24.9186724433325,"{0: 14, 1: 0, 2: 0, 3: 0, 4: 0}",1
242,False,"{'a': 0.5, 'e': 0.0642824346533225}",25,10,10.913655424251548,"{0: 14, 1: 0, 2: 1, 3: 0, 4: 0}",1
243,False,"{'a': 0.5, 'e': 0.06415002990995841}",35,23,23.144150207602326,"{0: 12, 1: 0, 2: 0, 3: 0, 4: 0}",1
244,False,"{'a': 0.5, 'e': 0.06401843996644799}",20,10,17.90582468176536,"{0: 10, 1: 0, 2: 0, 3: 0, 4: 0}",1
245,False,"{'a': 0.5, 'e': 0.06388765649999399}",25,15,5.504115792751164,"{0: 9, 1: 0, 2: 1, 3: 0, 4: 0}",1
246,False,"{'a': 0.5, 'e': 0.06375767130633382}",20,0,10.588186186740089,"{0: 18, 1: 0, 2: 2, 3: 0, 4: 0}",0
247,False,"{'a': 0.5, 'e': 0.06362847629757777}",25,18,12.93798131087754,"{0: 7, 1: 0, 2: 0, 3: 0, 4: 0}",1
248,False,"{'a': 0.5, 'e': 0.06350006350009525}",20,7,0.5650362662067709,"{0: 11, 1: 0, 2: 2, 3: 0, 4: 0}",1
249,False,"{'a': 0.5, 'e': 0.06337242505244779}",25,10,29.79624859117482,"{0: 15, 1: 0, 2: 0, 3: 0, 4: 0}",1
250,False,"{'a': 0.5, 'e': 0.06324555320336758}",25,8,32.53771889681093,"{0: 17, 1: 0, 2: 0, 3: 0, 4: 0}",1
251,False,"{'a': 0.5, 'e': 0.06311944030978031}",20,16,8.38988913609223,"{0: 4, 1: 0, 2: 0, 3: 0, 4: 0}",1
252,False,"{'a': 0.5, 'e': 0.0629940788348712}",30,16,27.49554077869054,"{0: 14, 1: 0, 2: 0, 3: 0, 4: 0}",1
253,False,"{'a': 0.5, 'e': 0.06286946134619315}",30,8,5.585446925351933,"{0: 20, 1: 0, 2: 1, 3: 1, 4: 0}",1
254,False,"{'a': 0.5, 'e': 0.06274558051381586}",25,12,12.659850733599493,"{0: 12, 1: 0, 2: 1, 3: 0, 4: 0}",1
255,False,"{'a': 0.5, 'e': 0.06262242910851495}",20,13,14.53645464802788,"{0: 7, 1: 0, 2: 0, 3: 0, 4: 0}",1
256,False,"{'a': 0.5, 'e': 0.0625}",25,18,13.005628449318024,"{0: 7, 1: 0, 2: 0, 3: 0, 4: 0}",1
257,False,"{'a': 0.5, 'e': 0.06237828615518053}",25,18,14.61538179662061,"{0: 7, 1: 0, 2: 0, 3: 0, 4: 0}",1
258,False,"{'a': 0.5, 'e': 0.062257280636469035}",20,9,19.80321075857552,"{0: 11, 1: 0, 2: 0, 3: 0, 4: 0}",1
259,False,"{'a': 0.5, 'e': 0.062136976600120006}",20,9,23.15601626691051,"{0: 11, 1: 0, 2: 0, 3: 0, 4: 0}",1
260,False,"{'a': 0.5, 'e': 0.062017367294604234}",20,6,22.01086597067905,"{0: 14, 1: 0, 2: 0, 3: 0, 4: 0}",1
261,False,"{'a': 0.5, 'e': 0.061898446059017294}",20,0,20.330257181142915,"{0: 19, 1: 0, 2: 1, 3: 0, 4: 0}",1
262,False,"{'a': 0.5, 'e': 0.06178020632152154}",25,11,13.142697514614397,"{0: 13, 1: 0, 2: 1, 3: 0, 4: 0}",1
263,False,"{'a': 0.5, 'e': 0.061662641597820735}",25,18,17.224220669360044,"{0: 7, 1: 0, 2: 0, 3: 0, 4: 0}",1
264,False,"{'a': 0.5, 'e': 0.06154574548966636}",20,9,17.79813041046127,"{0: 11, 1: 0, 2: 0, 3: 0, 4: 0}",1
265,False,"{'a': 0.5, 'e': 0.06142951168339512}",25,13,21.894703900599502,"{0: 12, 1: 0, 2: 0, 3: 0, 4: 0}",1
266,False,"{'a': 0.5, 'e': 0.06131393394849658}",20,11,17.383377485982503,"{0: 9, 1: 0, 2: 0, 3: 0, 4: 0}",1
267,False,"{'a': 0.5, 'e': 0.06119900613621046}",20,0,20.700985482699892,"{0: 19, 1: 1, 2: 0, 3: 0, 4: 0}",0
268,False,"{'a': 0.5, 'e': 0.06108472217815261}",20,8,20.139870566804472,"{0: 12, 1: 0, 2: 0, 3: 0, 4: 0}",1
269,False,"{'a': 0.5, 'e': 0.06097107608496923}",20,0,28.68122111925519,"{0: 20, 1: 0, 2: 0, 3: 0, 4: 0}",0
270,False,"{'a': 0.5, 'e': 0.06085806194501846}",20,10,15.740780106558882,"{0: 10, 1: 0, 2: 0, 3: 0, 4: 0}",1
271,False,"{'a': 0.5, 'e': 0.0607456739230787}",25,20,11.314886854919525,"{0: 5, 1: 0, 2: 0, 3: 0, 4: 0}",1
272,False,"{'a': 0.5, 'e': 0.06063390625908324}",20,3,17.904562385630616,"{0: 16, 1: 1, 2: 0, 3: 0, 4: 0}",1
273,False,"{'a': 0.5, 'e': 0.060522753266880246}",20,10,18.62550929045262,"{0: 10, 1: 0, 2: 0, 3: 0, 4: 0}",1
274,False,"{'a': 0.5, 'e': 0.0604122093330177}",25,9,12.000318071353377,"{0: 15, 1: 0, 2: 1, 3: 0, 4: 0}",1
275,False,"{'a': 0.5, 'e': 0.060302268915552716}",25,11,25.435418401487,"{0: 14, 1: 0, 2: 0, 3: 0, 4: 0}",1
276,False,"{'a': 0.5, 'e': 0.0601929265428846}",20,12,17.172917702674308,"{0: 8, 1: 0, 2: 0, 3: 0, 4: 0}",1
277,False,"{'a': 0.5, 'e': 0.06008417681261097}",25,0,32.979903876410425,"{0: 25, 1: 0, 2: 0, 3: 0, 4: 0}",0
278,False,"{'a': 0.5, 'e': 0.05997601439040672}",20,5,22.32618765628215,"{0: 14, 1: 1, 2: 0, 3: 0, 4: 0}",1
279,False,"{'a': 0.5, 'e': 0.05986843400892496}",20,0,15.610367374844833,"{0: 19, 1: 0, 2: 1, 3: 0, 4: 0}",0
280,False,"{'a': 0.5, 'e': 0.05976143046671968}",20,0,-15.542180132178467,"{0: 18, 1: 1, 2: 0, 3: 0, 4: 1}",0
281,False,"{'a': 0.5, 'e': 0.05965499862718936}",20,13,11.938463461953717,"{0: 7, 1: 0, 2: 0, 3: 0, 4: 0}",1
282,False,"{'a': 0.5, 'e': 0.05954913341754137}",20,3,32.58718810850177,"{0: 17, 1: 0, 2: 0, 3: 0, 4: 0}",1
283,False,"{'a': 0.5, 'e': 0.0594438298277764}",35,24,19.24710544944171,"{0: 11, 1: 0, 2: 0, 3: 0, 4: 0}",1
284,False,"{'a': 0.5, 'e': 0.05933908290969266}",25,16,14.94577937403458,"{0: 9, 1: 0, 2: 0, 3: 0, 4: 0}",1
285,False,"{'a': 0.5, 'e': 0.05923488777590923}",30,16,24.844588937222213,"{0: 14, 1: 0, 2: 0, 3: 0, 4: 0}",1
286,False,"{'a': 0.5, 'e': 0.05913123959890826}",30,0,40.20073290301335,"{0: 29, 1: 0, 2: 1, 3: 0, 4: 0}",0
287,False,"{'a': 0.5, 'e': 0.059028133610095526}",20,6,-14.959999817796334,"{0: 13, 1: 0, 2: 0, 3: 0, 4: 1}",1
288,False,"{'a': 0.5, 'e': 0.05892556509887897}",20,2,-24.25554148365652,"{0: 16, 1: 0, 2: 1, 3: 0, 4: 1}",1
289,False,"{'a': 0.5, 'e': 0.058823529411764705}",25,13,9.519181873590874,"{0: 11, 1: 0, 2: 1, 3: 0, 4: 0}",1
290,False,"{'a': 0.5, 'e': 0.058722021951470346}",25,11,24.134033854598915,"{0: 14, 1: 0, 2: 0, 3: 0, 4: 0}",1
291,False,"{'a': 0.5, 'e': 0.05862103817605492}",20,13,11.587803108052936,"{0: 7, 1: 0, 2: 0, 3: 0, 4: 0}",1
292,False,"{'a': 0.5, 'e': 0.058520573598065284}",20,12,0.8678523537693053,"{0: 7, 1: 0, 2: 1, 3: 0, 4: 0}",1
293,False,"{'a': 0.5, 'e': 0.0584206237836986}",20,10,21.20087441757923,"{0: 10, 1: 0, 2: 0, 3: 0, 4: 0}",1
294,False,"{'a': 0.5, 'e': 0.05832118435198043}",20,2,26.86469305505569,"{0: 18, 1: 0, 2: 0, 3: 0, 4: 0}",1
295,False,"{'a': 0.5, 'e': 0.0582222509739582}",20,10,18.483013423100633,"{0: 10, 1: 0, 2: 0, 3: 0, 4: 0}",1
296,False,"{'a': 0.5, 'e': 0.05812381937190964}",20,14,-1.140864279676839,"{0: 5, 1: 0, 2: 1, 3: 0, 4: 0}",1
297,False,"{'a': 0.5, 'e': 0.058025885318565944}",25,10,29.721033466719224,"{0: 15, 1: 0, 2: 0, 3: 0, 4: 0}",1
298,False,"{'a': 0.5, 'e': 0.057928444636349226}",35,9,-51.60951475710752,"{0: 23, 1: 1, 2: 0, 3: 0, 4: 2}",1
299,False,"{'a': 0.5, 'e': 0.05783149319662402}",20,0,25.006241173718628,"{0: 20, 1: 0, 2: 0, 3: 0, 4: 0}",0
300,False,"{'a': 0.5, 'e': 0.05773502691896257}",25,13,13.394389103875723,"{0: 11, 1: 1, 2: 0, 3: 0, 4: 0}",1
301,False,"{'a': 0.5, 'e': 0.0576390417704235}",20,6,16.731127178417854,"{0: 13, 1: 0, 2: 1, 3: 0, 4: 0}",1
302,False,"{'a': 0.5, 'e': 0.0575435337648436}",25,10,28.891869336471764,"{0: 15, 1: 0, 2: 0, 3: 0, 4: 0}",1
303,False,"{'a': 0.5, 'e': 0.0574484989621426}",25,15,18.621716063740248,"{0: 10, 1: 0, 2: 0, 3: 0, 4: 0}",1
304,False,"{'a': 0.5, 'e': 0.057353933467640436}",35,0,44.30758837522424,"{0: 35, 1: 0, 2: 0, 3: 0, 4: 0}",0
305,False,"{'a': 0.5, 'e': 0.057259833431386825}",25,15,20.587980026784788,"{0: 10, 1: 0, 2: 0, 3: 0, 4: 0}",1
306,False,"{'a': 0.5, 'e': 0.05716619504750295}",20,10,6.666247417693671,"{0: 9, 1: 0, 2: 1, 3: 0, 4: 0}",1
307,False,"{'a': 0.5, 'e': 0.05707301455353496}",25,9,28.602511770041115,"{0: 16, 1: 0, 2: 0, 3: 0, 4: 0}",1
308,False,"{'a': 0.5, 'e': 0.05698028822981897}",35,13,39.860598813054544,"{0: 22, 1: 0, 2: 0, 3: 0, 4: 0}",1
309,False,"{'a': 0.5, 'e': 0.05688801239885743}",20,9,14.390141213113848,"{0: 11, 1: 0, 2: 0, 3: 0, 4: 0}",1
310,False,"{'a': 0.5, 'e': 0.05679618342470648}",25,0,29.593441954748176,"{0: 24, 1: 0, 2: 1, 3: 0, 4: 0}",0
311,False,"{'a': 0.5, 'e': 0.05670479771237427}",25,8,28.19693729116407,"{0: 17, 1: 0, 2: 0, 3: 0, 4: 0}",1
312,False,"{'a': 0.5, 'e': 0.05661385170722978}",20,8,20.242440087548406,"{0: 12, 1: 0, 2: 0, 3: 0, 4: 0}",1
313,False,"{'a': 0.5, 'e': 0.05652334189442215}",20,0,28.78762594326569,"{0: 20, 1: 0, 2: 0, 3: 0, 4: 0}",0
314,False,"{'a': 0.5, 'e': 0.05643326479831003}",20,0,33.302642174325975,"{0: 20, 1: 0, 2: 0, 3: 0, 4: 0}",0
315,False,"{'a': 0.5, 'e': 0.0563436169819011}",20,2,28.5873270554162,"{0: 18, 1: 0, 2: 0, 3: 0, 4: 0}",1
316,False,"{'a': 0.5, 'e': 0.0562543950463012}",20,12,15.438129055559726,"{0: 8, 1: 0, 2: 0, 3: 0, 4: 0}",1
317,False,"{'a': 0.5, 'e': 0.05616559563017304}",25,0,41.49093904636931,"{0: 25, 1: 0, 2: 0, 3: 0, 4: 0}",0
318,False,"{'a': 0.5, 'e': 0.056077215409204434}",30,14,32.83783402675097,"{0: 16, 1: 0, 2: 0, 3: 0, 4: 0}",1
319,False,"{'a': 0.5, 'e': 0.05598925109558543}",25,11,17.13082652028288,"{0: 13, 1: 0, 2: 1, 3: 0, 4: 0}",1
320,False,"{'a': 0.5, 'e': 0.05590169943749474}",25,5,13.542356383701923,"{0: 19, 1: 0, 2: 1, 3: 0, 4: 0}",1
321,False,"{'a': 0.5, 'e': 0.05581455721859476}",20,0,0.0670347483001883,"{0: 17, 1: 1, 2: 2, 3: 0, 4: 0}",1
322,False,"{'a': 0.5, 'e': 0.05572782125753528}",20,2,16.027705407739578,"{0: 17, 1: 0, 2: 1, 3: 0, 4: 0}",1
323,False,"{'a': 0.5, 'e': 0.055641488407465724}",20,8,18.594324587122685,"{0: 12, 1: 0, 2: 0, 3: 0, 4: 0}",1
324,False,"{'a': 0.5, 'e': 0.05555555555555555}",25,19,9.997042505871018,"{0: 6, 1: 0, 2: 0, 3: 0, 4: 0}",1
325,False,"{'a': 0.5, 'e': 0.05547001962252291}",20,16,8.071015213405916,"{0: 4, 1: 0, 2: 0, 3: 0, 4: 0}",1
326,False,"{'a': 0.5, 'e': 0.05538487756217113}",35,18,18.309331998379523,"{0: 16, 1: 0, 2: 1, 3: 0, 4: 0}",1
327,False,"{'a': 0.5, 'e': 0.0553001263609331}",30,10,36.57677723693993,"{0: 20, 1: 0, 2: 0, 3: 0, 4: 0}",1
328,False,"{'a': 0.5, 'e': 0.05521576303742327}",25,9,28.928193693403706,"{0: 16, 1: 0, 2: 0, 3: 0, 4: 0}",1
329,False,"{'a': 0.5, 'e': 0.055131784641997125}",25,13,19.401451550562925,"{0: 12, 1: 0, 2: 0, 3: 0, 4: 0}",1
330,False,"{'a': 0.5, 'e': 0.055048188256318034}",30,6,20.13050359943057,"{0: 22, 1: 1, 2: 1, 3: 0, 4: 0}",1
331,False,"{'a': 0.5, 'e': 0.05496497099293127}",25,0,36.83028313823702,"{0: 25, 1: 0, 2: 0, 3: 0, 4: 0}",0
332,False,"{'a': 0.5, 'e': 0.05488212999484517}",20,5,25.79898523030424,"{0: 15, 1: 0, 2: 0, 3: 0, 4: 0}",1
333,False,"{'a': 0.5, 'e': 0.0547996624351191}",20,6,25.68282119053227,"{0: 14, 1: 0, 2: 0, 3: 0, 4: 0}",1
334,False,"{'a': 0.5, 'e': 0.054717565516458275}",35,17,35.377421500862454,"{0: 18, 1: 0, 2: 0, 3: 0, 4: 0}",1
335,False,"{'a': 0.5, 'e': 0.05463583647081531}",20,0,32.84322635916417,"{0: 20, 1: 0, 2: 0, 3: 0, 4: 0}",1
336,False,"{'a': 0.5, 'e': 0.0545544725589981}",20,10,7.515245098347254,"{0: 9, 1: 0, 2: 1, 3: 0, 4: 0}",1
337,False,"{'a': 0.5, 'e': 0.05447347107028433}",25,15,17.77037726383941,"{0: 10, 1: 0, 2: 0, 3: 0, 4: 0}",1
338,False,"{'a': 0.5, 'e': 0.05439282932204212}",30,12,11.411110464718217,"{0: 16, 1: 0, 2: 2, 3: 0, 4: 0}",1
339,False,"{'a': 0.5, 'e': 0.054312544659356844}",20,9,20.28747020081663,"{0: 11, 1: 0, 2: 0, 3: 0, 4: 0}",1
340,False,"{'a': 0.5, 'e': 0.05423261445466404}",30,20,14.550655444176789,"{0: 10, 1: 0, 2: 0, 3: 0, 4: 0}",1
341,False,"{'a': 0.5, 'e': 0.05415303610738823}",20,11,16.17414443852024,"{0: 9, 1: 0, 2: 0, 3: 0, 4: 0}",1
342,False,"{'a': 0.5, 'e': 0.05407380704358752}",20,2,26.19583892759367,"{0: 18, 1: 0, 2: 0, 3: 0, 4: 0}",1
343,False,"{'a': 0.5, 'e': 0.05399492471560388}",35,3,22.033613009820026,"{0: 30, 1: 0, 2: 2, 3: 0, 4: 0}",1
344,False,"{'a': 0.5, 'e': 0.053916386601719206}",30,9,36.026497667477614,"{0: 21, 1: 0, 2: 0, 3: 0, 4: 0}",1
345,False,"{'a': 0.5, 'e': 0.05383819020581655}",20,0,13.361418945547765,"{0: 19, 1: 0, 2: 1, 3: 0, 4: 0}",0
346,False,"{'a': 0.5, 'e': 0.053760333057047034}",25,15,18.738494550837586,"{0: 10, 1: 0, 2: 0, 3: 0, 4: 0}",1
347,False,"{'a': 0.5, 'e': 0.0536828127095019}",30,8,25.20751368751889,"{0: 21, 1: 0, 2: 1, 3: 0, 4: 0}",1
348,False,"{'a': 0.5, 'e': 0.05360562674188974}",25,14,17.93471593210644,"{0: 11, 1: 0, 2: 0, 3: 0, 4: 0}",1
349,False,"{'a': 0.5, 'e': 0.05352877275721892}",25,14,21.857395667916236,"{0: 11, 1: 0, 2: 0, 3: 0, 4: 0}",1
350,False,"{'a': 0.5, 'e': 0.05345224838248487}",20,8,17.634436129711965,"{0: 12, 1: 0, 2: 0, 3: 0, 4: 0}",1
351,False,"{'a': 0.5, 'e': 0.05337605126836238}",25,17,13.624135209451403,"{0: 8, 1: 0, 2: 0, 3: 0, 4: 0}",1
352,False,"{'a': 0.5, 'e': 0.053300179088902604}",30,12,25.94253661833885,"{0: 18, 1: 0, 2: 0, 3: 0, 4: 0}",1
353,False,"{'a': 0.5, 'e': 0.05322462954123495}",25,0,36.87696248851631,"{0: 25, 1: 0, 2: 0, 3: 0, 4: 0}",0
354,False,"{'a': 0.5, 'e': 0.05314940034527339}",20,14,0.905742468768836,"{0: 5, 1: 0, 2: 1, 3: 0, 4: 0}",1
355,False,"{'a': 0.5, 'e': 0.053074489243427524}",30,14,26.971914138859567,"{0: 16, 1: 0, 2: 0, 3: 0, 4: 0}",1
356,False,"{'a': 0.5, 'e': 0.052999894000318}",20,10,17.48686341115191,"{0: 10, 1: 0, 2: 0, 3: 0, 4: 0}",1
357,False,"{'a': 0.5, 'e': 0.05292561240249631}",20,8,10.68751688921541,"{0: 11, 1: 0, 2: 1, 3: 0, 4: 0}",1
358,False,"{'a': 0.5, 'e': 0.05285164225816899}",35,20,21.27241858612956,"{0: 15, 1: 0, 2: 0, 3: 0, 4: 0}",1
359,False,"{'a': 0.5, 'e': 0.05277798139692595}",30,16,27.164750475148367,"{0: 14, 1: 0, 2: 0, 3: 0, 4: 0}",1
360,False,"{'a': 0.5, 'e': 0.05270462766947299}",30,14,17.380039149402766,"{0: 15, 1: 0, 2: 1, 3: 0, 4: 0}",1
361,False,"{'a': 0.5, 'e': 0.05263157894736842}",20,11,5.414488465430725,"{0: 8, 1: 0, 2: 1, 3: 0, 4: 0}",1
362,False,"{'a': 0.5, 'e': 0.052558833122763673}",25,3,4.730300585176234,"{0: 20, 1: 0, 2: 1, 3: 1, 4: 0}",1
363,False,"{'a': 0.5, 'e': 0.0524863881081478}",20,0,34.157261455246626,"{0: 20, 1: 0, 2: 0, 3: 0, 4: 0}",0
364,False,"{'a': 0.5, 'e': 0.052414241836095915}",20,10,20.59697044052907,"{0: 10, 1: 0, 2: 0, 3: 0, 4: 0}",1
365,False,"{'a': 0.5, 'e': 0.052342392259021375}",20,2,31.613726737216815,"{0: 18, 1: 0, 2: 0, 3: 0, 4: 0}",1
366,False,"{'a': 0.5, 'e': 0.05227083734893167}",20,10,17.877176912398163,"{0: 10, 1: 0, 2: 0, 3: 0, 4: 0}",1
367,False,"{'a': 0.5, 'e': 0.052199575097188054}",30,0,48.11071951123843,"{0: 30, 1: 0, 2: 0, 3: 0, 4: 0}",1
368,False,"{'a': 0.5, 'e': 0.05212860351426869}",25,12,24.331458474605228,"{0: 13, 1: 0, 2: 0, 3: 0, 4: 0}",1
369,False,"{'a': 0.5, 'e': 0.052057920629535355}",20,0,29.821043862206206,"{0: 20, 1: 0, 2: 0, 3: 0, 4: 0}",0
370,False,"{'a': 0.5, 'e': 0.05198752449100364}",20,0,30.491635442179373,"{0: 20, 1: 0, 2: 0, 3: 0, 4: 0}",0
371,False,"{'a': 0.5, 'e': 0.0519174131651165}",25,9,24.77722542286719,"{0: 16, 1: 0, 2: 0, 3: 0, 4: 0}",1
372,False,"{'a': 0.5, 'e': 0.05184758473652126}",30,10,8.51113643192025,"{0: 18, 1: 0, 2: 2, 3: 0, 4: 0}",1
373,False,"{'a': 0.5, 'e': 0.05177803730784977}",20,14,13.075795222382999,"{0: 6, 1: 0, 2: 0, 3: 0, 4: 0}",1
374,False,"{'a': 0.5, 'e': 0.051708768999501914}",25,0,35.44891779736395,"{0: 25, 1: 0, 2: 0, 3: 0, 4: 0}",0
375,False,"{'a': 0.5, 'e': 0.051639777949432225}",20,1,29.428865503570613,"{0: 19, 1: 0, 2: 0, 3: 0, 4: 0}",1
376,False,"{'a': 0.5, 'e': 0.05157106231293967}",20,6,21.551374697082405,"{0: 14, 1: 0, 2: 0, 3: 0, 4: 0}",1
377,False,"{'a': 0.5, 'e': 0.051502620262460476}",25,3,-22.957003292177152,"{0: 19, 1: 0, 2: 2, 3: 0, 4: 1}",1
378,False,"{'a': 0.5, 'e': 0.05143444998736397}",25,13,23.86581603696552,"{0: 12, 1: 0, 2: 0, 3: 0, 4: 0}",1
379,False,"{'a': 0.5, 'e': 0.051366549693751415}",20,10,19.049864529256553,"{0: 10, 1: 0, 2: 0, 3: 0, 4: 0}",1
380,False,"{'a': 0.5, 'e': 0.051298917604257706}",30,0,44.181644875686246,"{0: 30, 1: 0, 2: 0, 3: 0, 4: 0}",0
381,False,"{'a': 0.5, 'e': 0.051231551957855996}",25,18,-5.377566669202745,"{0: 5, 1: 1, 2: 1, 3: 0, 4: 0}",1
382,False,"{'a': 0.5, 'e': 0.05116445100966508}",25,15,19.361845744092324,"{0: 10, 1: 0, 2: 0, 3: 0, 4: 0}",1
383,False,"{'a': 0.5, 'e': 0.0510976130307596}",25,8,31.11115509163889,"{0: 17, 1: 0, 2: 0, 3: 0, 4: 0}",1
384,False,"{'a': 0.5, 'e': 0.051031036307982884}",20,14,10.320315187900666,"{0: 6, 1: 0, 2: 0, 3: 0, 4: 0}",1
385,False,"{'a': 0.5, 'e': 0.050964719143762556}",25,5,-23.866198780581147,"{0: 18, 1: 0, 2: 1, 3: 0, 4: 1}",1
386,False,"{'a': 0.5, 'e': 0.050898659855928764}",35,19,-10.358861007002549,"{0: 14, 1: 0, 2: 0, 3: 2, 4: 0}",1
387,False,"{'a': 0.5, 'e': 0.05083285677753489}",25,19,12.359221991768868,"{0: 6, 1: 0, 2: 0, 3: 0, 4: 0}",1
388,False,"{'a': 0.5, 'e': 0.05076730825668096}",30,21,15.234923603994789,"{0: 9, 1: 0, 2: 0, 3: 0, 4: 0}",1
389,False,"{'a': 0.5, 'e': 0.05070201265633938}",25,0,8.339546952883593,"{0: 23, 1: 0, 2: 1, 3: 1, 4: 0}",1
390,False,"{'a': 0.5, 'e': 0.05063696835418333}",30,17,15.598916691937418,"{0: 12, 1: 0, 2: 1, 3: 0, 4: 0}",1
391,False,"{'a': 0.5, 'e': 0.05057217374241736}",20,6,1.8389844560164883,"{0: 12, 1: 1, 2: 1, 3: 0, 4: 0}",1
392,False,"{'a': 0.5, 'e': 0.050507627227610534}",25,11,24.756172975199153,"{0: 14, 1: 0, 2: 0, 3: 0, 4: 0}",1
393,False,"{'a': 0.5, 'e': 0.050443327230531826}",25,18,13.889508346861907,"{0: 7, 1: 0, 2: 0, 3: 0, 4: 0}",1
394,False,"{'a': 0.5, 'e': 0.05037927218598784}",25,13,22.509026505213775,"{0: 12, 1: 0, 2: 0, 3: 0, 4: 0}",1
395,False,"{'a': 0.5, 'e': 0.05031546054266276}",25,19,11.866911176157107,"{0: 6, 1: 0, 2: 0, 3: 0, 4: 0}",1
396,False,"{'a': 0.5, 'e': 0.050251890762960605}",30,0,38.35939182126585,"{0: 29, 1: 1, 2: 0, 3: 0, 4: 0}",0
397,False,"{'a': 0.5, 'e': 0.05018856132284956}",35,1,57.21088227849125,"{0: 34, 1: 0, 2: 0, 3: 0, 4: 0}",1
398,False,"{'a': 0.5, 'e': 0.05012547071170855}",20,12,13.771989584446539,"{0: 8, 1: 0, 2: 0, 3: 0, 4: 0}",1
399,False,"{'a': 0.5, 'e': 0.05006261743217589}",30,16,24.191647107244293,"{0: 14, 1: 0, 2: 0, 3: 0, 4: 0}",1
400,False,"{'a': 0.5, 'e': 0.05}",30,4,44.81635272712856,"{0: 26, 1: 0, 2: 0, 3: 0, 4: 0}",1
401,False,"{'a': 0.5, 'e': 0.04993761694389223}",20,14,11.852137212429998,"{0: 6, 1: 0, 2: 0, 3: 0, 4: 0}",1
1,True,"{'a': 0, 'e': 0}",20,8,19.313722320589445,"{0: 12, 1: 0, 2: 0, 3: 0, 4: 0}",1
2,True,"{'a': 0, 'e': 0}",30,16,23.894593958317692,"{0: 14, 1: 0, 2: 0, 3: 0, 4: 0}",1
3,True,"{'a': 0, 'e': 0}",20,8,19.27996241635283,"{0: 12, 1: 0, 2: 0, 3: 0, 4: 0}",1
4,True,"{'a': 0, 'e': 0}",25,13,26.42948169753098,"{0: 12, 1: 0, 2: 0, 3: 0, 4: 0}",1
5,True,"{'a': 0, 'e': 0}",20,14,12.864067211804002,"{0: 6, 1: 0, 2: 0, 3: 0, 4: 0}",1
6,True,"{'a': 0, 'e': 0}",20,11,19.012725887800308,"{0: 9, 1: 0, 2: 0, 3: 0, 4: 0}",1
7,True,"{'a': 0, 'e': 0}",30,2,41.20197656334698,"{0: 28, 1: 0, 2: 0, 3: 0, 4: 0}",1
8,True,"{'a': 0, 'e': 0}",20,16,7.600309296274791,"{0: 4, 1: 0, 2: 0, 3: 0, 4: 0}",1
9,True,"{'a': 0, 'e': 0}",25,15,20.174286005803094,"{0: 10, 1: 0, 2: 0, 3: 0, 4: 0}",1
10,True,"{'a': 0, 'e': 0}",20,10,20.695535529974364,"{0: 10, 1: 0, 2: 0, 3: 0, 4: 0}",1
